"세목별(1)","세목별(2)",세목별(3),세목별(4),세목별(5),세목별(6),지역별(1),지역별(2),2022,2022
"세목별(1)","세목별(2)",세목별(3),세목별(4),세목별(5),세목별(6),지역별(1),지역별(2),금액 (백만원),구성비 (%)
"합 계","소계",소계,소계,소계,소계,합계,소계,384249472,100.0
"합 계","소계",소계,소계,소계,소계,서울청,소계,134239085,-
"합 계","소계",소계,소계,소계,소계,중부청·인천청,소계,83383398,-
"합 계","소계",소계,소계,소계,소계,중부청,소계,61658649,-
"합 계","소계",소계,소계,소계,소계,중부청,인천,**,-
"합 계","소계",소계,소계,소계,소계,중부청,경기,56603407,-
"합 계","소계",소계,소계,소계,소계,중부청,강원,5055242,-
"합 계","소계",소계,소계,소계,소계,인천청,소계,21724749,-
"합 계","소계",소계,소계,소계,소계,인천청,인천,8824295,-
"합 계","소계",소계,소계,소계,소계,인천청,경기,12900454,-
"합 계","소계",소계,소계,소계,소계,대전청,소계,20819604,-
"합 계","소계",소계,소계,소계,소계,대전청,대전,6888896,-
"합 계","소계",소계,소계,소계,소계,대전청,충북,4893858,-
"합 계","소계",소계,소계,소계,소계,대전청,충남·세종,9036850,-
"합 계","소계",소계,소계,소계,소계,광주청,소계,15098001,-
"합 계","소계",소계,소계,소계,소계,광주청,광주,5006302,-
"합 계","소계",소계,소계,소계,소계,광주청,전북,3884128,-
"합 계","소계",소계,소계,소계,소계,광주청,전남,6207571,-
"합 계","소계",소계,소계,소계,소계,대구청,소계,12182487,-
"합 계","소계",소계,소계,소계,소계,대구청,대구,6299828,-
"합 계","소계",소계,소계,소계,소계,대구청,경북,5882659,-
"합 계","소계",소계,소계,소계,소계,부산청,소계,46724716,-
"합 계","소계",소계,소계,소계,소계,부산청,부산,24169284,-
"합 계","소계",소계,소계,소계,소계,부산청,울산,10504934,-
"합 계","소계",소계,소계,소계,소계,부산청,경남,9379383,-
"합 계","소계",소계,소계,소계,소계,부산청,제주,2671115,-
"합 계","소계",소계,소계,소계,소계,수입분내국세,소계,71296964,-
"합 계","소계",소계,소계,소계,소계,인지세,소계,505217,-
"내국세","소계",소계,소계,소계,소계,합계,소계,356041526,92.5
"내국세","소계",소계,소계,소계,소계,서울청,소계,128758226,-
"내국세","소계",소계,소계,소계,소계,중부청·인천청,소계,79504695,-
"내국세","소계",소계,소계,소계,소계,중부청,소계,59243538,-
"내국세","소계",소계,소계,소계,소계,중부청,인천,**,-
"내국세","소계",소계,소계,소계,소계,중부청,경기,54437920,-
"내국세","소계",소계,소계,소계,소계,중부청,강원,4805618,-
"내국세","소계",소계,소계,소계,소계,인천청,소계,20261157,-
"내국세","소계",소계,소계,소계,소계,인천청,인천,7766737,-
"내국세","소계",소계,소계,소계,소계,인천청,경기,12494420,-
"내국세","소계",소계,소계,소계,소계,대전청,소계,17106573,-
"내국세","소계",소계,소계,소계,소계,대전청,대전,6520685,-
"내국세","소계",소계,소계,소계,소계,대전청,충북,4646031,-
"내국세","소계",소계,소계,소계,소계,대전청,충남·세종,5939857,-
"내국세","소계",소계,소계,소계,소계,광주청,소계,11484462,-
"내국세","소계",소계,소계,소계,소계,광주청,광주,4787350,-
"내국세","소계",소계,소계,소계,소계,광주청,전북,3721264,-
"내국세","소계",소계,소계,소계,소계,광주청,전남,2975848,-
"내국세","소계",소계,소계,소계,소계,대구청,소계,11760019,-
"내국세","소계",소계,소계,소계,소계,대구청,대구,6056435,-
"내국세","소계",소계,소계,소계,소계,대구청,경북,5703584,-
"내국세","소계",소계,소계,소계,소계,부산청,소계,36080544,-
"내국세","소계",소계,소계,소계,소계,부산청,부산,20588072,-
"내국세","소계",소계,소계,소계,소계,부산청,울산,3897656,-
"내국세","소계",소계,소계,소계,소계,부산청,경남,9039843,-
"내국세","소계",소계,소계,소계,소계,부산청,제주,2554973,-
"내국세","소계",소계,소계,소계,소계,수입분내국세,소계,70841790,-
"내국세","소계",소계,소계,소계,소계,인지세,소계,505217,-
"내국세","직접세",소득세,소계,소계,소계,합계,소계,128748596,33.5
"내국세","직접세",소득세,소계,소계,소계,서울청,소계,56628188,-
"내국세","직접세",소득세,소계,소계,소계,중부청·인천청,소계,38609581,-
"내국세","직접세",소득세,소계,소계,소계,중부청,소계,28606760,-
"내국세","직접세",소득세,소계,소계,소계,중부청,인천,**,-
"내국세","직접세",소득세,소계,소계,소계,중부청,경기,25639523,-
"내국세","직접세",소득세,소계,소계,소계,중부청,강원,2967237,-
"내국세","직접세",소득세,소계,소계,소계,인천청,소계,10002821,-
"내국세","직접세",소득세,소계,소계,소계,인천청,인천,4036503,-
"내국세","직접세",소득세,소계,소계,소계,인천청,경기,5966318,-
"내국세","직접세",소득세,소계,소계,소계,대전청,소계,8438070,-
"내국세","직접세",소득세,소계,소계,소계,대전청,대전,2526477,-
"내국세","직접세",소득세,소계,소계,소계,대전청,충북,2065612,-
"내국세","직접세",소득세,소계,소계,소계,대전청,충남·세종,3845981,-
"내국세","직접세",소득세,소계,소계,소계,광주청,소계,5589242,-
"내국세","직접세",소득세,소계,소계,소계,광주청,광주,2178527,-
"내국세","직접세",소득세,소계,소계,소계,광주청,전북,1630348,-
"내국세","직접세",소득세,소계,소계,소계,광주청,전남,1780367,-
"내국세","직접세",소득세,소계,소계,소계,대구청,소계,6650204,-
"내국세","직접세",소득세,소계,소계,소계,대구청,대구,3571656,-
"내국세","직접세",소득세,소계,소계,소계,대구청,경북,3078548,-
"내국세","직접세",소득세,소계,소계,소계,부산청,소계,12833311,-
"내국세","직접세",소득세,소계,소계,소계,부산청,부산,5331943,-
"내국세","직접세",소득세,소계,소계,소계,부산청,울산,2411422,-
"내국세","직접세",소득세,소계,소계,소계,부산청,경남,3748366,-
"내국세","직접세",소득세,소계,소계,소계,부산청,제주,1341580,-
"내국세","직접세",소득세,신고분,소계,소계,합계,소계,58244910,15.2
"내국세","직접세",소득세,신고분,소계,소계,서울청,소계,23076493,-
"내국세","직접세",소득세,신고분,소계,소계,중부청·인천청,소계,18598799,-
"내국세","직접세",소득세,신고분,소계,소계,중부청,소계,12720998,-
"내국세","직접세",소득세,신고분,소계,소계,중부청,인천,**,-
"내국세","직접세",소득세,신고분,소계,소계,중부청,경기,11699610,-
"내국세","직접세",소득세,신고분,소계,소계,중부청,강원,1021388,-
"내국세","직접세",소득세,신고분,소계,소계,인천청,소계,5877801,-
"내국세","직접세",소득세,신고분,소계,소계,인천청,인천,1976214,-
"내국세","직접세",소득세,신고분,소계,소계,인천청,경기,3901587,-
"내국세","직접세",소득세,신고분,소계,소계,대전청,소계,3721421,-
"내국세","직접세",소득세,신고분,소계,소계,대전청,대전,1111225,-
"내국세","직접세",소득세,신고분,소계,소계,대전청,충북,937678,-
"내국세","직접세",소득세,신고분,소계,소계,대전청,충남·세종,1672518,-
"내국세","직접세",소득세,신고분,소계,소계,광주청,소계,2769950,-
"내국세","직접세",소득세,신고분,소계,소계,광주청,광주,1191882,-
"내국세","직접세",소득세,신고분,소계,소계,광주청,전북,825632,-
"내국세","직접세",소득세,신고분,소계,소계,광주청,전남,752436,-
"내국세","직접세",소득세,신고분,소계,소계,대구청,소계,3464308,-
"내국세","직접세",소득세,신고분,소계,소계,대구청,대구,2294579,-
"내국세","직접세",소득세,신고분,소계,소계,대구청,경북,1169729,-
"내국세","직접세",소득세,신고분,소계,소계,부산청,소계,6613939,-
"내국세","직접세",소득세,신고분,소계,소계,부산청,부산,3066433,-
"내국세","직접세",소득세,신고분,소계,소계,부산청,울산,1088428,-
"내국세","직접세",소득세,신고분,소계,소계,부산청,경남,1688537,-
"내국세","직접세",소득세,신고분,소계,소계,부산청,제주,770541,-
"내국세","직접세",소득세,신고분,종합소득세,소계,합계,소계,26011631,6.8
"내국세","직접세",소득세,신고분,종합소득세,소계,서울청,소계,10441008,-
"내국세","직접세",소득세,신고분,종합소득세,소계,중부청·인천청,소계,7471315,-
"내국세","직접세",소득세,신고분,종합소득세,소계,중부청,소계,4784278,-
"내국세","직접세",소득세,신고분,종합소득세,소계,중부청,인천,**,-
"내국세","직접세",소득세,신고분,종합소득세,소계,중부청,경기,4379832,-
"내국세","직접세",소득세,신고분,종합소득세,소계,중부청,강원,404446,-
"내국세","직접세",소득세,신고분,종합소득세,소계,인천청,소계,2687037,-
"내국세","직접세",소득세,신고분,종합소득세,소계,인천청,인천,1080574,-
"내국세","직접세",소득세,신고분,종합소득세,소계,인천청,경기,1606463,-
"내국세","직접세",소득세,신고분,종합소득세,소계,대전청,소계,1645233,-
"내국세","직접세",소득세,신고분,종합소득세,소계,대전청,대전,523437,-
"내국세","직접세",소득세,신고분,종합소득세,소계,대전청,충북,443863,-
"내국세","직접세",소득세,신고분,종합소득세,소계,대전청,충남·세종,677933,-
"내국세","직접세",소득세,신고분,종합소득세,소계,광주청,소계,1419782,-
"내국세","직접세",소득세,신고분,종합소득세,소계,광주청,광주,592734,-
"내국세","직접세",소득세,신고분,종합소득세,소계,광주청,전북,435929,-
"내국세","직접세",소득세,신고분,종합소득세,소계,광주청,전남,391119,-
"내국세","직접세",소득세,신고분,종합소득세,소계,대구청,소계,1888159,-
"내국세","직접세",소득세,신고분,종합소득세,소계,대구청,대구,1315320,-
"내국세","직접세",소득세,신고분,종합소득세,소계,대구청,경북,572839,-
"내국세","직접세",소득세,신고분,종합소득세,소계,부산청,소계,3146134,-
"내국세","직접세",소득세,신고분,종합소득세,소계,부산청,부산,1540290,-
"내국세","직접세",소득세,신고분,종합소득세,소계,부산청,울산,316402,-
"내국세","직접세",소득세,신고분,종합소득세,소계,부산청,경남,993998,-
"내국세","직접세",소득세,신고분,종합소득세,소계,부산청,제주,295444,-
"내국세","직접세",소득세,신고분,양도소득세,소계,합계,소계,32233279,8.4
"내국세","직접세",소득세,신고분,양도소득세,소계,서울청,소계,12635485,-
"내국세","직접세",소득세,신고분,양도소득세,소계,중부청·인천청,소계,11127484,-
"내국세","직접세",소득세,신고분,양도소득세,소계,중부청,소계,7936720,-
"내국세","직접세",소득세,신고분,양도소득세,소계,중부청,인천,**,-
"내국세","직접세",소득세,신고분,양도소득세,소계,중부청,경기,7319778,-
"내국세","직접세",소득세,신고분,양도소득세,소계,중부청,강원,616942,-
"내국세","직접세",소득세,신고분,양도소득세,소계,인천청,소계,3190764,-
"내국세","직접세",소득세,신고분,양도소득세,소계,인천청,인천,895640,-
"내국세","직접세",소득세,신고분,양도소득세,소계,인천청,경기,2295124,-
"내국세","직접세",소득세,신고분,양도소득세,소계,대전청,소계,2076188,-
"내국세","직접세",소득세,신고분,양도소득세,소계,대전청,대전,587788,-
"내국세","직접세",소득세,신고분,양도소득세,소계,대전청,충북,493815,-
"내국세","직접세",소득세,신고분,양도소득세,소계,대전청,충남·세종,994585,-
"내국세","직접세",소득세,신고분,양도소득세,소계,광주청,소계,1350168,-
"내국세","직접세",소득세,신고분,양도소득세,소계,광주청,광주,599148,-
"내국세","직접세",소득세,신고분,양도소득세,소계,광주청,전북,389703,-
"내국세","직접세",소득세,신고분,양도소득세,소계,광주청,전남,361317,-
"내국세","직접세",소득세,신고분,양도소득세,소계,대구청,소계,1576149,-
"내국세","직접세",소득세,신고분,양도소득세,소계,대구청,대구,979259,-
"내국세","직접세",소득세,신고분,양도소득세,소계,대구청,경북,596890,-
"내국세","직접세",소득세,신고분,양도소득세,소계,부산청,소계,3467805,-
"내국세","직접세",소득세,신고분,양도소득세,소계,부산청,부산,1526143,-
"내국세","직접세",소득세,신고분,양도소득세,소계,부산청,울산,772026,-
"내국세","직접세",소득세,신고분,양도소득세,소계,부산청,경남,694539,-
"내국세","직접세",소득세,신고분,양도소득세,소계,부산청,제주,475097,-
"내국세","직접세",소득세,신고분,산림소득세,소계,합계,소계,-,0.0
"내국세","직접세",소득세,신고분,산림소득세,소계,서울청,소계,-,-
"내국세","직접세",소득세,신고분,산림소득세,소계,중부청·인천청,소계,-,-
"내국세","직접세",소득세,신고분,산림소득세,소계,중부청,소계,-,-
"내국세","직접세",소득세,신고분,산림소득세,소계,중부청,인천,**,-
"내국세","직접세",소득세,신고분,산림소득세,소계,중부청,경기,-,-
"내국세","직접세",소득세,신고분,산림소득세,소계,중부청,강원,-,-
"내국세","직접세",소득세,신고분,산림소득세,소계,인천청,소계,-,-
"내국세","직접세",소득세,신고분,산림소득세,소계,대전청,소계,-,-
"내국세","직접세",소득세,신고분,산림소득세,소계,대전청,대전,-,-
"내국세","직접세",소득세,신고분,산림소득세,소계,대전청,충북,-,-
"내국세","직접세",소득세,신고분,산림소득세,소계,대전청,충남·세종,-,-
"내국세","직접세",소득세,신고분,산림소득세,소계,광주청,소계,-,-
"내국세","직접세",소득세,신고분,산림소득세,소계,광주청,광주,-,-
"내국세","직접세",소득세,신고분,산림소득세,소계,광주청,전북,-,-
"내국세","직접세",소득세,신고분,산림소득세,소계,광주청,전남,-,-
"내국세","직접세",소득세,신고분,산림소득세,소계,대구청,소계,-,-
"내국세","직접세",소득세,신고분,산림소득세,소계,대구청,대구,-,-
"내국세","직접세",소득세,신고분,산림소득세,소계,대구청,경북,-,-
"내국세","직접세",소득세,신고분,산림소득세,소계,부산청,소계,-,-
"내국세","직접세",소득세,신고분,산림소득세,소계,부산청,부산,-,-
"내국세","직접세",소득세,신고분,산림소득세,소계,부산청,울산,-,-
"내국세","직접세",소득세,신고분,산림소득세,소계,부산청,경남,-,-
"내국세","직접세",소득세,신고분,산림소득세,소계,부산청,제주,-,-
"내국세","직접세",소득세,원천분,소계,소계,합계,소계,75505020,19.6
"내국세","직접세",소득세,원천분,소계,소계,서울청,소계,34262952,-
"내국세","직접세",소득세,원천분,소계,소계,중부청·인천청,소계,21566864,-
"내국세","직접세",소득세,원천분,소계,소계,중부청,소계,16771614,-
"내국세","직접세",소득세,원천분,소계,소계,중부청,인천,**,-
"내국세","직접세",소득세,원천분,소계,소계,중부청,경기,14616609,-
"내국세","직접세",소득세,원천분,소계,소계,중부청,강원,2155005,-
"내국세","직접세",소득세,원천분,소계,소계,인천청,소계,4795250,-
"내국세","직접세",소득세,원천분,소계,소계,인천청,인천,2361773,-
"내국세","직접세",소득세,원천분,소계,소계,인천청,경기,2433477,-
"내국세","직접세",소득세,원천분,소계,소계,대전청,소계,5302393,-
"내국세","직접세",소득세,원천분,소계,소계,대전청,대전,1580618,-
"내국세","직접세",소득세,원천분,소계,소계,대전청,충북,1314188,-
"내국세","직접세",소득세,원천분,소계,소계,대전청,충남·세종,2407587,-
"내국세","직접세",소득세,원천분,소계,소계,광주청,소계,3481467,-
"내국세","직접세",소득세,원천분,소계,소계,광주청,광주,1183239,-
"내국세","직접세",소득세,원천분,소계,소계,광주청,전북,1056882,-
"내국세","직접세",소득세,원천분,소계,소계,광주청,전남,1241346,-
"내국세","직접세",소득세,원천분,소계,소계,대구청,소계,3744576,-
"내국세","직접세",소득세,원천분,소계,소계,대구청,대구,1518061,-
"내국세","직접세",소득세,원천분,소계,소계,대구청,경북,2226515,-
"내국세","직접세",소득세,원천분,소계,소계,부산청,소계,7146768,-
"내국세","직접세",소득세,원천분,소계,소계,부산청,부산,2631512,-
"내국세","직접세",소득세,원천분,소계,소계,부산청,울산,1421303,-
"내국세","직접세",소득세,원천분,소계,소계,부산청,경남,2445253,-
"내국세","직접세",소득세,원천분,소계,소계,부산청,제주,648700,-
"내국세","직접세",소득세,원천분,이자소득세,소계,합계,소계,2627693,0.7
"내국세","직접세",소득세,원천분,이자소득세,소계,서울청,소계,1669276,-
"내국세","직접세",소득세,원천분,이자소득세,소계,중부청·인천청,소계,350370,-
"내국세","직접세",소득세,원천분,이자소득세,소계,중부청,소계,247255,-
"내국세","직접세",소득세,원천분,이자소득세,소계,중부청,인천,**,-
"내국세","직접세",소득세,원천분,이자소득세,소계,중부청,경기,223937,-
"내국세","직접세",소득세,원천분,이자소득세,소계,중부청,강원,23318,-
"내국세","직접세",소득세,원천분,이자소득세,소계,인천청,소계,103115,-
"내국세","직접세",소득세,원천분,이자소득세,소계,인천청,인천,40755,-
"내국세","직접세",소득세,원천분,이자소득세,소계,인천청,경기,62360,-
"내국세","직접세",소득세,원천분,이자소득세,소계,대전청,소계,183832,-
"내국세","직접세",소득세,원천분,이자소득세,소계,대전청,대전,28963,-
"내국세","직접세",소득세,원천분,이자소득세,소계,대전청,충북,36034,-
"내국세","직접세",소득세,원천분,이자소득세,소계,대전청,충남·세종,118835,-
"내국세","직접세",소득세,원천분,이자소득세,소계,광주청,소계,113841,-
"내국세","직접세",소득세,원천분,이자소득세,소계,광주청,광주,45037,-
"내국세","직접세",소득세,원천분,이자소득세,소계,광주청,전북,41445,-
"내국세","직접세",소득세,원천분,이자소득세,소계,광주청,전남,27359,-
"내국세","직접세",소득세,원천분,이자소득세,소계,대구청,소계,114724,-
"내국세","직접세",소득세,원천분,이자소득세,소계,대구청,대구,74647,-
"내국세","직접세",소득세,원천분,이자소득세,소계,대구청,경북,40077,-
"내국세","직접세",소득세,원천분,이자소득세,소계,부산청,소계,195650,-
"내국세","직접세",소득세,원천분,이자소득세,소계,부산청,부산,79544,-
"내국세","직접세",소득세,원천분,이자소득세,소계,부산청,울산,22419,-
"내국세","직접세",소득세,원천분,이자소득세,소계,부산청,경남,61573,-
"내국세","직접세",소득세,원천분,이자소득세,소계,부산청,제주,32114,-
"내국세","직접세",소득세,원천분,배당소득세,소계,합계,소계,4157743,1.1
"내국세","직접세",소득세,원천분,배당소득세,소계,서울청,소계,2891058,-
"내국세","직접세",소득세,원천분,배당소득세,소계,중부청·인천청,소계,621501,-
"내국세","직접세",소득세,원천분,배당소득세,소계,중부청,소계,414313,-
"내국세","직접세",소득세,원천분,배당소득세,소계,중부청,인천,**,-
"내국세","직접세",소득세,원천분,배당소득세,소계,중부청,경기,394892,-
"내국세","직접세",소득세,원천분,배당소득세,소계,중부청,강원,19421,-
"내국세","직접세",소득세,원천분,배당소득세,소계,인천청,소계,207188,-
"내국세","직접세",소득세,원천분,배당소득세,소계,인천청,인천,93199,-
"내국세","직접세",소득세,원천분,배당소득세,소계,인천청,경기,113989,-
"내국세","직접세",소득세,원천분,배당소득세,소계,대전청,소계,153452,-
"내국세","직접세",소득세,원천분,배당소득세,소계,대전청,대전,37964,-
"내국세","직접세",소득세,원천분,배당소득세,소계,대전청,충북,43155,-
"내국세","직접세",소득세,원천분,배당소득세,소계,대전청,충남·세종,72333,-
"내국세","직접세",소득세,원천분,배당소득세,소계,광주청,소계,104494,-
"내국세","직접세",소득세,원천분,배당소득세,소계,광주청,광주,55620,-
"내국세","직접세",소득세,원천분,배당소득세,소계,광주청,전북,23414,-
"내국세","직접세",소득세,원천분,배당소득세,소계,광주청,전남,25460,-
"내국세","직접세",소득세,원천분,배당소득세,소계,대구청,소계,141917,-
"내국세","직접세",소득세,원천분,배당소득세,소계,대구청,대구,53076,-
"내국세","직접세",소득세,원천분,배당소득세,소계,대구청,경북,88841,-
"내국세","직접세",소득세,원천분,배당소득세,소계,부산청,소계,245321,-
"내국세","직접세",소득세,원천분,배당소득세,소계,부산청,부산,139409,-
"내국세","직접세",소득세,원천분,배당소득세,소계,부산청,울산,21263,-
"내국세","직접세",소득세,원천분,배당소득세,소계,부산청,경남,70561,-
"내국세","직접세",소득세,원천분,배당소득세,소계,부산청,제주,14088,-
"내국세","직접세",소득세,원천분,사업소득세,소계,합계,소계,4096229,1.1
"내국세","직접세",소득세,원천분,사업소득세,소계,서울청,소계,1428592,-
"내국세","직접세",소득세,원천분,사업소득세,소계,중부청·인천청,소계,2090229,-
"내국세","직접세",소득세,원천분,사업소득세,소계,중부청,소계,1751826,-
"내국세","직접세",소득세,원천분,사업소득세,소계,중부청,인천,**,-
"내국세","직접세",소득세,원천분,사업소득세,소계,중부청,경기,497059,-
"내국세","직접세",소득세,원천분,사업소득세,소계,중부청,강원,1254767,-
"내국세","직접세",소득세,원천분,사업소득세,소계,인천청,소계,338403,-
"내국세","직접세",소득세,원천분,사업소득세,소계,인천청,인천,126988,-
"내국세","직접세",소득세,원천분,사업소득세,소계,인천청,경기,211415,-
"내국세","직접세",소득세,원천분,사업소득세,소계,대전청,소계,179715,-
"내국세","직접세",소득세,원천분,사업소득세,소계,대전청,대전,49760,-
"내국세","직접세",소득세,원천분,사업소득세,소계,대전청,충북,37525,-
"내국세","직접세",소득세,원천분,사업소득세,소계,대전청,충남·세종,92430,-
"내국세","직접세",소득세,원천분,사업소득세,소계,광주청,소계,93013,-
"내국세","직접세",소득세,원천분,사업소득세,소계,광주청,광주,43490,-
"내국세","직접세",소득세,원천분,사업소득세,소계,광주청,전북,27842,-
"내국세","직접세",소득세,원천분,사업소득세,소계,광주청,전남,21681,-
"내국세","직접세",소득세,원천분,사업소득세,소계,대구청,소계,95673,-
"내국세","직접세",소득세,원천분,사업소득세,소계,대구청,대구,59040,-
"내국세","직접세",소득세,원천분,사업소득세,소계,대구청,경북,36633,-
"내국세","직접세",소득세,원천분,사업소득세,소계,부산청,소계,209007,-
"내국세","직접세",소득세,원천분,사업소득세,소계,부산청,부산,101538,-
"내국세","직접세",소득세,원천분,사업소득세,소계,부산청,울산,32878,-
"내국세","직접세",소득세,원천분,사업소득세,소계,부산청,경남,62233,-
"내국세","직접세",소득세,원천분,사업소득세,소계,부산청,제주,12358,-
"내국세","직접세",소득세,원천분,근로소득세,소계,합계,소계,60370406,15.7
"내국세","직접세",소득세,원천분,근로소득세,소계,서울청,소계,25459579,-
"내국세","직접세",소득세,원천분,근로소득세,소계,중부청·인천청,소계,17937394,-
"내국세","직접세",소득세,원천분,근로소득세,소계,중부청,소계,13938429,-
"내국세","직접세",소득세,원천분,근로소득세,소계,중부청,인천,**,-
"내국세","직접세",소득세,원천분,근로소득세,소계,중부청,경기,13142031,-
"내국세","직접세",소득세,원천분,근로소득세,소계,중부청,강원,796398,-
"내국세","직접세",소득세,원천분,근로소득세,소계,인천청,소계,3998965,-
"내국세","직접세",소득세,원천분,근로소득세,소계,인천청,인천,2027974,-
"내국세","직접세",소득세,원천분,근로소득세,소계,인천청,경기,1970991,-
"내국세","직접세",소득세,원천분,근로소득세,소계,대전청,소계,4598561,-
"내국세","직접세",소득세,원천분,근로소득세,소계,대전청,대전,1394918,-
"내국세","직접세",소득세,원천분,근로소득세,소계,대전청,충북,1156574,-
"내국세","직접세",소득세,원천분,근로소득세,소계,대전청,충남·세종,2047069,-
"내국세","직접세",소득세,원천분,근로소득세,소계,광주청,소계,2987282,-
"내국세","직접세",소득세,원천분,근로소득세,소계,광주청,광주,998819,-
"내국세","직접세",소득세,원천분,근로소득세,소계,광주청,전북,894107,-
"내국세","직접세",소득세,원천분,근로소득세,소계,광주청,전남,1094356,-
"내국세","직접세",소득세,원천분,근로소득세,소계,대구청,소계,3289219,-
"내국세","직접세",소득세,원천분,근로소득세,소계,대구청,대구,1277867,-
"내국세","직접세",소득세,원천분,근로소득세,소계,대구청,경북,2011352,-
"내국세","직접세",소득세,원천분,근로소득세,소계,부산청,소계,6098371,-
"내국세","직접세",소득세,원천분,근로소득세,소계,부산청,부산,2173792,-
"내국세","직접세",소득세,원천분,근로소득세,소계,부산청,울산,1320284,-
"내국세","직접세",소득세,원천분,근로소득세,소계,부산청,경남,2180115,-
"내국세","직접세",소득세,원천분,근로소득세,소계,부산청,제주,424180,-
"내국세","직접세",소득세,원천분,근로소득세,원천분,합계,소계,60248808,15.7
"내국세","직접세",소득세,원천분,근로소득세,원천분,서울청,소계,25356187,-
"내국세","직접세",소득세,원천분,근로소득세,원천분,중부청·인천청,소계,17937380,-
"내국세","직접세",소득세,원천분,근로소득세,원천분,중부청,소계,13938415,-
"내국세","직접세",소득세,원천분,근로소득세,원천분,중부청,인천,**,-
"내국세","직접세",소득세,원천분,근로소득세,원천분,중부청,경기,13142021,-
"내국세","직접세",소득세,원천분,근로소득세,원천분,중부청,강원,796394,-
"내국세","직접세",소득세,원천분,근로소득세,원천분,인천청,소계,3998965,-
"내국세","직접세",소득세,원천분,근로소득세,원천분,인천청,인천,2027974,-
"내국세","직접세",소득세,원천분,근로소득세,원천분,인천청,경기,1970991,-
"내국세","직접세",소득세,원천분,근로소득세,원천분,대전청,소계,4598540,-
"내국세","직접세",소득세,원천분,근로소득세,원천분,대전청,대전,1394918,-
"내국세","직접세",소득세,원천분,근로소득세,원천분,대전청,충북,1156569,-
"내국세","직접세",소득세,원천분,근로소득세,원천분,대전청,충남·세종,2047053,-
"내국세","직접세",소득세,원천분,근로소득세,원천분,광주청,소계,2987261,-
"내국세","직접세",소득세,원천분,근로소득세,원천분,광주청,광주,998812,-
"내국세","직접세",소득세,원천분,근로소득세,원천분,광주청,전북,894097,-
"내국세","직접세",소득세,원천분,근로소득세,원천분,광주청,전남,1094352,-
"내국세","직접세",소득세,원천분,근로소득세,원천분,대구청,소계,3289219,-
"내국세","직접세",소득세,원천분,근로소득세,원천분,대구청,대구,1277867,-
"내국세","직접세",소득세,원천분,근로소득세,원천분,대구청,경북,2011352,-
"내국세","직접세",소득세,원천분,근로소득세,원천분,부산청,소계,6080221,-
"내국세","직접세",소득세,원천분,근로소득세,원천분,부산청,부산,2160699,-
"내국세","직접세",소득세,원천분,근로소득세,원천분,부산청,울산,1320270,-
"내국세","직접세",소득세,원천분,근로소득세,원천분,부산청,경남,2180113,-
"내국세","직접세",소득세,원천분,근로소득세,원천분,부산청,제주,419139,-
"내국세","직접세",소득세,원천분,근로소득세,납세조합분,합계,소계,121598,0.0
"내국세","직접세",소득세,원천분,근로소득세,납세조합분,서울청,소계,103392,-
"내국세","직접세",소득세,원천분,근로소득세,납세조합분,중부청·인천청,소계,14,-
"내국세","직접세",소득세,원천분,근로소득세,납세조합분,중부청,소계,14,-
"내국세","직접세",소득세,원천분,근로소득세,납세조합분,중부청,인천,**,-
"내국세","직접세",소득세,원천분,근로소득세,납세조합분,중부청,경기,10,-
"내국세","직접세",소득세,원천분,근로소득세,납세조합분,중부청,강원,4,-
"내국세","직접세",소득세,원천분,근로소득세,납세조합분,인천청,소계,-,-
"내국세","직접세",소득세,원천분,근로소득세,납세조합분,대전청,소계,21,-
"내국세","직접세",소득세,원천분,근로소득세,납세조합분,대전청,대전,-,-
"내국세","직접세",소득세,원천분,근로소득세,납세조합분,대전청,충북,5,-
"내국세","직접세",소득세,원천분,근로소득세,납세조합분,대전청,충남·세종,16,-
"내국세","직접세",소득세,원천분,근로소득세,납세조합분,광주청,소계,21,-
"내국세","직접세",소득세,원천분,근로소득세,납세조합분,광주청,광주,7,-
"내국세","직접세",소득세,원천분,근로소득세,납세조합분,광주청,전북,10,-
"내국세","직접세",소득세,원천분,근로소득세,납세조합분,광주청,전남,4,-
"내국세","직접세",소득세,원천분,근로소득세,납세조합분,대구청,소계,-,-
"내국세","직접세",소득세,원천분,근로소득세,납세조합분,대구청,대구,-,-
"내국세","직접세",소득세,원천분,근로소득세,납세조합분,대구청,경북,-,-
"내국세","직접세",소득세,원천분,근로소득세,납세조합분,부산청,소계,18150,-
"내국세","직접세",소득세,원천분,근로소득세,납세조합분,부산청,부산,13093,-
"내국세","직접세",소득세,원천분,근로소득세,납세조합분,부산청,울산,14,-
"내국세","직접세",소득세,원천분,근로소득세,납세조합분,부산청,경남,2,-
"내국세","직접세",소득세,원천분,근로소득세,납세조합분,부산청,제주,5041,-
"내국세","직접세",소득세,원천분,기타소득세,소계,합계,소계,2257224,0.6
"내국세","직접세",소득세,원천분,기타소득세,소계,서울청,소계,1395820,-
"내국세","직접세",소득세,원천분,기타소득세,소계,중부청·인천청,소계,405492,-
"내국세","직접세",소득세,원천분,기타소득세,소계,중부청,소계,305571,-
"내국세","직접세",소득세,원천분,기타소득세,소계,중부청,인천,**,-
"내국세","직접세",소득세,원천분,기타소득세,소계,중부청,경기,261183,-
"내국세","직접세",소득세,원천분,기타소득세,소계,중부청,강원,44388,-
"내국세","직접세",소득세,원천분,기타소득세,소계,인천청,소계,99921,-
"내국세","직접세",소득세,원천분,기타소득세,소계,인천청,인천,51116,-
"내국세","직접세",소득세,원천분,기타소득세,소계,인천청,경기,48805,-
"내국세","직접세",소득세,원천분,기타소득세,소계,대전청,소계,138331,-
"내국세","직접세",소득세,원천분,기타소득세,소계,대전청,대전,56775,-
"내국세","직접세",소득세,원천분,기타소득세,소계,대전청,충북,25990,-
"내국세","직접세",소득세,원천분,기타소득세,소계,대전청,충남·세종,55566,-
"내국세","직접세",소득세,원천분,기타소득세,소계,광주청,소계,65061,-
"내국세","직접세",소득세,원천분,기타소득세,소계,광주청,광주,22801,-
"내국세","직접세",소득세,원천분,기타소득세,소계,광주청,전북,20876,-
"내국세","직접세",소득세,원천분,기타소득세,소계,광주청,전남,21384,-
"내국세","직접세",소득세,원천분,기타소득세,소계,대구청,소계,62040,-
"내국세","직접세",소득세,원천분,기타소득세,소계,대구청,대구,31069,-
"내국세","직접세",소득세,원천분,기타소득세,소계,대구청,경북,30971,-
"내국세","직접세",소득세,원천분,기타소득세,소계,부산청,소계,190480,-
"내국세","직접세",소득세,원천분,기타소득세,소계,부산청,부산,95979,-
"내국세","직접세",소득세,원천분,기타소득세,소계,부산청,울산,12570,-
"내국세","직접세",소득세,원천분,기타소득세,소계,부산청,경남,29970,-
"내국세","직접세",소득세,원천분,기타소득세,소계,부산청,제주,51961,-
"내국세","직접세",소득세,원천분,연금소득세,소계,합계,소계,365587,0.1
"내국세","직접세",소득세,원천분,연금소득세,소계,서울청,소계,236524,-
"내국세","직접세",소득세,원천분,연금소득세,소계,중부청·인천청,소계,40,-
"내국세","직접세",소득세,원천분,연금소득세,소계,중부청,소계,26,-
"내국세","직접세",소득세,원천분,연금소득세,소계,중부청,인천,**,-
"내국세","직접세",소득세,원천분,연금소득세,소계,중부청,경기,23,-
"내국세","직접세",소득세,원천분,연금소득세,소계,중부청,강원,3,-
"내국세","직접세",소득세,원천분,연금소득세,소계,인천청,소계,14,-
"내국세","직접세",소득세,원천분,연금소득세,소계,인천청,인천,13,-
"내국세","직접세",소득세,원천분,연금소득세,소계,인천청,경기,1,-
"내국세","직접세",소득세,원천분,연금소득세,소계,대전청,소계,2490,-
"내국세","직접세",소득세,원천분,연금소득세,소계,대전청,대전,510,-
"내국세","직접세",소득세,원천분,연금소득세,소계,대전청,충북,-,-
"내국세","직접세",소득세,원천분,연금소득세,소계,대전청,충남·세종,1980,-
"내국세","직접세",소득세,원천분,연금소득세,소계,광주청,소계,55350,-
"내국세","직접세",소득세,원천분,연금소득세,소계,광주청,광주,230,-
"내국세","직접세",소득세,원천분,연금소득세,소계,광주청,전북,30022,-
"내국세","직접세",소득세,원천분,연금소득세,소계,광주청,전남,25098,-
"내국세","직접세",소득세,원천분,연금소득세,소계,대구청,소계,350,-
"내국세","직접세",소득세,원천분,연금소득세,소계,대구청,대구,328,-
"내국세","직접세",소득세,원천분,연금소득세,소계,대구청,경북,22,-
"내국세","직접세",소득세,원천분,연금소득세,소계,부산청,소계,70833,-
"내국세","직접세",소득세,원천분,연금소득세,소계,부산청,부산,2868,-
"내국세","직접세",소득세,원천분,연금소득세,소계,부산청,울산,6,-
"내국세","직접세",소득세,원천분,연금소득세,소계,부산청,경남,708,-
"내국세","직접세",소득세,원천분,연금소득세,소계,부산청,제주,67251,-
"내국세","직접세",소득세,원천분,퇴직소득세,소계,합계,소계,1630138,0.4
"내국세","직접세",소득세,원천분,퇴직소득세,소계,서울청,소계,1182103,-
"내국세","직접세",소득세,원천분,퇴직소득세,소계,중부청·인천청,소계,161838,-
"내국세","직접세",소득세,원천분,퇴직소득세,소계,중부청,소계,114194,-
"내국세","직접세",소득세,원천분,퇴직소득세,소계,중부청,인천,**,-
"내국세","직접세",소득세,원천분,퇴직소득세,소계,중부청,경기,97484,-
"내국세","직접세",소득세,원천분,퇴직소득세,소계,중부청,강원,16710,-
"내국세","직접세",소득세,원천분,퇴직소득세,소계,인천청,소계,47644,-
"내국세","직접세",소득세,원천분,퇴직소득세,소계,인천청,인천,21728,-
"내국세","직접세",소득세,원천분,퇴직소득세,소계,인천청,경기,25916,-
"내국세","직접세",소득세,원천분,퇴직소득세,소계,대전청,소계,46012,-
"내국세","직접세",소득세,원천분,퇴직소득세,소계,대전청,대전,11728,-
"내국세","직접세",소득세,원천분,퇴직소득세,소계,대전청,충북,14910,-
"내국세","직접세",소득세,원천분,퇴직소득세,소계,대전청,충남·세종,19374,-
"내국세","직접세",소득세,원천분,퇴직소득세,소계,광주청,소계,62426,-
"내국세","직접세",소득세,원천분,퇴직소득세,소계,광주청,광주,17242,-
"내국세","직접세",소득세,원천분,퇴직소득세,소계,광주청,전북,19176,-
"내국세","직접세",소득세,원천분,퇴직소득세,소계,광주청,전남,26008,-
"내국세","직접세",소득세,원천분,퇴직소득세,소계,대구청,소계,40653,-
"내국세","직접세",소득세,원천분,퇴직소득세,소계,대구청,대구,22034,-
"내국세","직접세",소득세,원천분,퇴직소득세,소계,대구청,경북,18619,-
"내국세","직접세",소득세,원천분,퇴직소득세,소계,부산청,소계,137106,-
"내국세","직접세",소득세,원천분,퇴직소득세,소계,부산청,부산,38382,-
"내국세","직접세",소득세,원천분,퇴직소득세,소계,부산청,울산,11883,-
"내국세","직접세",소득세,원천분,퇴직소득세,소계,부산청,경남,40093,-
"내국세","직접세",소득세,원천분,퇴직소득세,소계,부산청,제주,46748,-
"내국세","직접세",소득세,근로장려금,소계,소계,합계,소계,-4503625,-1.2
"내국세","직접세",소득세,근로장려금,소계,소계,서울청,소계,-665291,-
"내국세","직접세",소득세,근로장려금,소계,소계,중부청·인천청,소계,-1393051,-
"내국세","직접세",소득세,근로장려금,소계,소계,중부청,소계,-794560,-
"내국세","직접세",소득세,근로장려금,소계,소계,중부청,인천,**,-
"내국세","직접세",소득세,근로장려금,소계,소계,중부청,경기,-603655,-
"내국세","직접세",소득세,근로장려금,소계,소계,중부청,강원,-190905,-
"내국세","직접세",소득세,근로장려금,소계,소계,인천청,소계,-598491,-
"내국세","직접세",소득세,근로장려금,소계,소계,인천청,인천,-269608,-
"내국세","직접세",소득세,근로장려금,소계,소계,인천청,경기,-328883,-
"내국세","직접세",소득세,근로장려금,소계,소계,대전청,소계,-524328,-
"내국세","직접세",소득세,근로장려금,소계,소계,대전청,대전,-148647,-
"내국세","직접세",소득세,근로장려금,소계,소계,대전청,충북,-166995,-
"내국세","직접세",소득세,근로장려금,소계,소계,대전청,충남·세종,-208686,-
"내국세","직접세",소득세,근로장려금,소계,소계,광주청,소계,-588926,-
"내국세","직접세",소득세,근로장려금,소계,소계,광주청,광주,-174844,-
"내국세","직접세",소득세,근로장려금,소계,소계,광주청,전북,-224320,-
"내국세","직접세",소득세,근로장려금,소계,소계,광주청,전남,-189762,-
"내국세","직접세",소득세,근로장려금,소계,소계,대구청,소계,-500605,-
"내국세","직접세",소득세,근로장려금,소계,소계,대구청,대구,-216870,-
"내국세","직접세",소득세,근로장려금,소계,소계,대구청,경북,-283735,-
"내국세","직접세",소득세,근로장려금,소계,소계,부산청,소계,-831424,-
"내국세","직접세",소득세,근로장려금,소계,소계,부산청,부산,-336281,-
"내국세","직접세",소득세,근로장려금,소계,소계,부산청,울산,-87005,-
"내국세","직접세",소득세,근로장려금,소계,소계,부산청,경남,-340659,-
"내국세","직접세",소득세,근로장려금,소계,소계,부산청,제주,-67479,-
"내국세","직접세",소득세,자녀장려금,소계,소계,합계,소계,-497709,-0.1
"내국세","직접세",소득세,자녀장려금,소계,소계,서울청,소계,-45966,-
"내국세","직접세",소득세,자녀장려금,소계,소계,중부청·인천청,소계,-163031,-
"내국세","직접세",소득세,자녀장려금,소계,소계,중부청,소계,-91292,-
"내국세","직접세",소득세,자녀장려금,소계,소계,중부청,인천,**,-
"내국세","직접세",소득세,자녀장려금,소계,소계,중부청,경기,-73041,-
"내국세","직접세",소득세,자녀장려금,소계,소계,중부청,강원,-18251,-
"내국세","직접세",소득세,자녀장려금,소계,소계,인천청,소계,-71739,-
"내국세","직접세",소득세,자녀장려금,소계,소계,인천청,인천,-31876,-
"내국세","직접세",소득세,자녀장려금,소계,소계,인천청,경기,-39863,-
"내국세","직접세",소득세,자녀장려금,소계,소계,대전청,소계,-61416,-
"내국세","직접세",소득세,자녀장려금,소계,소계,대전청,대전,-16719,-
"내국세","직접세",소득세,자녀장려금,소계,소계,대전청,충북,-19259,-
"내국세","직접세",소득세,자녀장려금,소계,소계,대전청,충남·세종,-25438,-
"내국세","직접세",소득세,자녀장려금,소계,소계,광주청,소계,-73249,-
"내국세","직접세",소득세,자녀장려금,소계,소계,광주청,광주,-21750,-
"내국세","직접세",소득세,자녀장려금,소계,소계,광주청,전북,-27846,-
"내국세","직접세",소득세,자녀장려금,소계,소계,광주청,전남,-23653,-
"내국세","직접세",소득세,자녀장려금,소계,소계,대구청,소계,-58075,-
"내국세","직접세",소득세,자녀장려금,소계,소계,대구청,대구,-24114,-
"내국세","직접세",소득세,자녀장려금,소계,소계,대구청,경북,-33961,-
"내국세","직접세",소득세,자녀장려금,소계,소계,부산청,소계,-95972,-
"내국세","직접세",소득세,자녀장려금,소계,소계,부산청,부산,-29721,-
"내국세","직접세",소득세,자녀장려금,소계,소계,부산청,울산,-11304,-
"내국세","직접세",소득세,자녀장려금,소계,소계,부산청,경남,-44765,-
"내국세","직접세",소득세,자녀장려금,소계,소계,부산청,제주,-10182,-
"내국세","직접세",법인세,소계,소계,소계,합계,소계,103570360,27.0
"내국세","직접세",법인세,소계,소계,소계,서울청,소계,51166760,-
"내국세","직접세",법인세,소계,소계,소계,중부청·인천청,소계,29340579,-
"내국세","직접세",법인세,소계,소계,소계,중부청,소계,24302527,-
"내국세","직접세",법인세,소계,소계,소계,중부청,인천,**,-
"내국세","직접세",법인세,소계,소계,소계,중부청,경기,23915952,-
"내국세","직접세",법인세,소계,소계,소계,중부청,강원,386575,-
"내국세","직접세",법인세,소계,소계,소계,인천청,소계,5038052,-
"내국세","직접세",법인세,소계,소계,소계,인천청,인천,2936292,-
"내국세","직접세",법인세,소계,소계,소계,인천청,경기,2101760,-
"내국세","직접세",법인세,소계,소계,소계,대전청,소계,4824246,-
"내국세","직접세",법인세,소계,소계,소계,대전청,대전,1192385,-
"내국세","직접세",법인세,소계,소계,소계,대전청,충북,1165970,-
"내국세","직접세",법인세,소계,소계,소계,대전청,충남·세종,2465891,-
"내국세","직접세",법인세,소계,소계,소계,광주청,소계,3552944,-
"내국세","직접세",법인세,소계,소계,소계,광주청,광주,1402157,-
"내국세","직접세",법인세,소계,소계,소계,광주청,전북,848498,-
"내국세","직접세",법인세,소계,소계,소계,광주청,전남,1302289,-
"내국세","직접세",법인세,소계,소계,소계,대구청,소계,3244564,-
"내국세","직접세",법인세,소계,소계,소계,대구청,대구,1322804,-
"내국세","직접세",법인세,소계,소계,소계,대구청,경북,1921760,-
"내국세","직접세",법인세,소계,소계,소계,부산청,소계,11441267,-
"내국세","직접세",법인세,소계,소계,소계,부산청,부산,6780383,-
"내국세","직접세",법인세,소계,소계,소계,부산청,울산,1111848,-
"내국세","직접세",법인세,소계,소계,소계,부산청,경남,3116634,-
"내국세","직접세",법인세,소계,소계,소계,부산청,제주,432402,-
"내국세","직접세",법인세,신고분,소계,소계,합계,소계,86984423,22.6
"내국세","직접세",법인세,신고분,소계,소계,서울청,소계,41142480,-
"내국세","직접세",법인세,신고분,소계,소계,중부청·인천청,소계,27834359,-
"내국세","직접세",법인세,신고분,소계,소계,중부청,소계,23001510,-
"내국세","직접세",법인세,신고분,소계,소계,중부청,인천,**,-
"내국세","직접세",법인세,신고분,소계,소계,중부청,경기,22661981,-
"내국세","직접세",법인세,신고분,소계,소계,중부청,강원,339529,-
"내국세","직접세",법인세,신고분,소계,소계,인천청,소계,4832849,-
"내국세","직접세",법인세,신고분,소계,소계,인천청,인천,2836173,-
"내국세","직접세",법인세,신고분,소계,소계,인천청,경기,1996676,-
"내국세","직접세",법인세,신고분,소계,소계,대전청,소계,4567390,-
"내국세","직접세",법인세,신고분,소계,소계,대전청,대전,1157445,-
"내국세","직접세",법인세,신고분,소계,소계,대전청,충북,1097726,-
"내국세","직접세",법인세,신고분,소계,소계,대전청,충남·세종,2312219,-
"내국세","직접세",법인세,신고분,소계,소계,광주청,소계,3264410,-
"내국세","직접세",법인세,신고분,소계,소계,광주청,광주,1322057,-
"내국세","직접세",법인세,신고분,소계,소계,광주청,전북,809029,-
"내국세","직접세",법인세,신고분,소계,소계,광주청,전남,1133324,-
"내국세","직접세",법인세,신고분,소계,소계,대구청,소계,3083714,-
"내국세","직접세",법인세,신고분,소계,소계,대구청,대구,1255918,-
"내국세","직접세",법인세,신고분,소계,소계,대구청,경북,1827796,-
"내국세","직접세",법인세,신고분,소계,소계,부산청,소계,7092070,-
"내국세","직접세",법인세,신고분,소계,소계,부산청,부산,2638007,-
"내국세","직접세",법인세,신고분,소계,소계,부산청,울산,1043092,-
"내국세","직접세",법인세,신고분,소계,소계,부산청,경남,2997728,-
"내국세","직접세",법인세,신고분,소계,소계,부산청,제주,413243,-
"내국세","직접세",법인세,원천분,소계,소계,합계,소계,16585937,4.3
"내국세","직접세",법인세,원천분,소계,소계,서울청,소계,10024280,-
"내국세","직접세",법인세,원천분,소계,소계,중부청·인천청,소계,1506220,-
"내국세","직접세",법인세,원천분,소계,소계,중부청,소계,1301017,-
"내국세","직접세",법인세,원천분,소계,소계,중부청,인천,**,-
"내국세","직접세",법인세,원천분,소계,소계,중부청,경기,1253971,-
"내국세","직접세",법인세,원천분,소계,소계,중부청,강원,47046,-
"내국세","직접세",법인세,원천분,소계,소계,인천청,소계,205203,-
"내국세","직접세",법인세,원천분,소계,소계,인천청,인천,100119,-
"내국세","직접세",법인세,원천분,소계,소계,인천청,경기,105084,-
"내국세","직접세",법인세,원천분,소계,소계,대전청,소계,256856,-
"내국세","직접세",법인세,원천분,소계,소계,대전청,대전,34940,-
"내국세","직접세",법인세,원천분,소계,소계,대전청,충북,68244,-
"내국세","직접세",법인세,원천분,소계,소계,대전청,충남·세종,153672,-
"내국세","직접세",법인세,원천분,소계,소계,광주청,소계,288534,-
"내국세","직접세",법인세,원천분,소계,소계,광주청,광주,80100,-
"내국세","직접세",법인세,원천분,소계,소계,광주청,전북,39469,-
"내국세","직접세",법인세,원천분,소계,소계,광주청,전남,168965,-
"내국세","직접세",법인세,원천분,소계,소계,대구청,소계,160850,-
"내국세","직접세",법인세,원천분,소계,소계,대구청,대구,66886,-
"내국세","직접세",법인세,원천분,소계,소계,대구청,경북,93964,-
"내국세","직접세",법인세,원천분,소계,소계,부산청,소계,4349197,-
"내국세","직접세",법인세,원천분,소계,소계,부산청,부산,4142376,-
"내국세","직접세",법인세,원천분,소계,소계,부산청,울산,68756,-
"내국세","직접세",법인세,원천분,소계,소계,부산청,경남,118906,-
"내국세","직접세",법인세,원천분,소계,소계,부산청,제주,19159,-
"내국세","직접세",상속세,소계,소계,소계,합계,소계,7611302,2.0
"내국세","직접세",상속세,소계,소계,소계,서울청,소계,5458147,-
"내국세","직접세",상속세,소계,소계,소계,중부청·인천청,소계,1186646,-
"내국세","직접세",상속세,소계,소계,소계,중부청,소계,856578,-
"내국세","직접세",상속세,소계,소계,소계,중부청,인천,**,-
"내국세","직접세",상속세,소계,소계,소계,중부청,경기,817084,-
"내국세","직접세",상속세,소계,소계,소계,중부청,강원,39494,-
"내국세","직접세",상속세,소계,소계,소계,인천청,소계,330068,-
"내국세","직접세",상속세,소계,소계,소계,인천청,인천,83920,-
"내국세","직접세",상속세,소계,소계,소계,인천청,경기,246148,-
"내국세","직접세",상속세,소계,소계,소계,대전청,소계,184622,-
"내국세","직접세",상속세,소계,소계,소계,대전청,대전,52619,-
"내국세","직접세",상속세,소계,소계,소계,대전청,충북,53920,-
"내국세","직접세",상속세,소계,소계,소계,대전청,충남·세종,78083,-
"내국세","직접세",상속세,소계,소계,소계,광주청,소계,76484,-
"내국세","직접세",상속세,소계,소계,소계,광주청,광주,30935,-
"내국세","직접세",상속세,소계,소계,소계,광주청,전북,21178,-
"내국세","직접세",상속세,소계,소계,소계,광주청,전남,24371,-
"내국세","직접세",상속세,소계,소계,소계,대구청,소계,185556,-
"내국세","직접세",상속세,소계,소계,소계,대구청,대구,138260,-
"내국세","직접세",상속세,소계,소계,소계,대구청,경북,47296,-
"내국세","직접세",상속세,소계,소계,소계,부산청,소계,519847,-
"내국세","직접세",상속세,소계,소계,소계,부산청,부산,300377,-
"내국세","직접세",상속세,소계,소계,소계,부산청,울산,36666,-
"내국세","직접세",상속세,소계,소계,소계,부산청,경남,129085,-
"내국세","직접세",상속세,소계,소계,소계,부산청,제주,53719,-
"내국세","직접세",증여세,소계,소계,소계,합계,소계,6982717,1.8
"내국세","직접세",증여세,소계,소계,소계,서울청,소계,4074273,-
"내국세","직접세",증여세,소계,소계,소계,중부청·인천청,소계,1759180,-
"내국세","직접세",증여세,소계,소계,소계,중부청,소계,1276552,-
"내국세","직접세",증여세,소계,소계,소계,중부청,인천,**,-
"내국세","직접세",증여세,소계,소계,소계,중부청,경기,1192167,-
"내국세","직접세",증여세,소계,소계,소계,중부청,강원,84385,-
"내국세","직접세",증여세,소계,소계,소계,인천청,소계,482628,-
"내국세","직접세",증여세,소계,소계,소계,인천청,인천,187928,-
"내국세","직접세",증여세,소계,소계,소계,인천청,경기,294700,-
"내국세","직접세",증여세,소계,소계,소계,대전청,소계,258331,-
"내국세","직접세",증여세,소계,소계,소계,대전청,대전,91231,-
"내국세","직접세",증여세,소계,소계,소계,대전청,충북,56104,-
"내국세","직접세",증여세,소계,소계,소계,대전청,충남·세종,110996,-
"내국세","직접세",증여세,소계,소계,소계,광주청,소계,159126,-
"내국세","직접세",증여세,소계,소계,소계,광주청,광주,75974,-
"내국세","직접세",증여세,소계,소계,소계,광주청,전북,41959,-
"내국세","직접세",증여세,소계,소계,소계,광주청,전남,41193,-
"내국세","직접세",증여세,소계,소계,소계,대구청,소계,239369,-
"내국세","직접세",증여세,소계,소계,소계,대구청,대구,161835,-
"내국세","직접세",증여세,소계,소계,소계,대구청,경북,77534,-
"내국세","직접세",증여세,소계,소계,소계,부산청,소계,492438,-
"내국세","직접세",증여세,소계,소계,소계,부산청,부산,252048,-
"내국세","직접세",증여세,소계,소계,소계,부산청,울산,50408,-
"내국세","직접세",증여세,소계,소계,소계,부산청,경남,101270,-
"내국세","직접세",증여세,소계,소계,소계,부산청,제주,88712,-
"내국세","직접세",자산 재평가세,소계,소계,소계,합계,소계,-,0.0
"내국세","직접세",자산 재평가세,소계,소계,소계,서울청,소계,-,-
"내국세","직접세",자산 재평가세,소계,소계,소계,중부청·인천청,소계,-,-
"내국세","직접세",자산 재평가세,소계,소계,소계,중부청,소계,-,-
"내국세","직접세",자산 재평가세,소계,소계,소계,중부청,인천,**,-
"내국세","직접세",자산 재평가세,소계,소계,소계,중부청,경기,-,-
"내국세","직접세",자산 재평가세,소계,소계,소계,중부청,강원,-,-
"내국세","직접세",자산 재평가세,소계,소계,소계,인천청,소계,-,-
"내국세","직접세",자산 재평가세,소계,소계,소계,대전청,소계,-,-
"내국세","직접세",자산 재평가세,소계,소계,소계,대전청,대전,-,-
"내국세","직접세",자산 재평가세,소계,소계,소계,대전청,충북,-,-
"내국세","직접세",자산 재평가세,소계,소계,소계,대전청,충남·세종,-,-
"내국세","직접세",자산 재평가세,소계,소계,소계,광주청,소계,-,-
"내국세","직접세",자산 재평가세,소계,소계,소계,광주청,광주,-,-
"내국세","직접세",자산 재평가세,소계,소계,소계,광주청,전북,-,-
"내국세","직접세",자산 재평가세,소계,소계,소계,광주청,전남,-,-
"내국세","직접세",자산 재평가세,소계,소계,소계,대구청,소계,-,-
"내국세","직접세",자산 재평가세,소계,소계,소계,대구청,대구,-,-
"내국세","직접세",자산 재평가세,소계,소계,소계,대구청,경북,-,-
"내국세","직접세",자산 재평가세,소계,소계,소계,부산청,소계,-,-
"내국세","직접세",자산 재평가세,소계,소계,소계,부산청,부산,-,-
"내국세","직접세",자산 재평가세,소계,소계,소계,부산청,울산,-,-
"내국세","직접세",자산 재평가세,소계,소계,소계,부산청,경남,-,-
"내국세","직접세",자산 재평가세,소계,소계,소계,부산청,제주,-,-
"내국세","간접세",부가가치세,소계,소계,소계,합계,소계,81626608,21.2
"내국세","간접세",부가가치세,소계,소계,소계,서울청,소계,10029387,-
"내국세","간접세",부가가치세,소계,소계,소계,중부청·인천청,소계,5055781,-
"내국세","간접세",부가가치세,소계,소계,소계,중부청,소계,1361367,-
"내국세","간접세",부가가치세,소계,소계,소계,중부청,인천,**,-
"내국세","간접세",부가가치세,소계,소계,소계,중부청,경기,621574,-
"내국세","간접세",부가가치세,소계,소계,소계,중부청,강원,739793,-
"내국세","간접세",부가가치세,소계,소계,소계,인천청,소계,3694414,-
"내국세","간접세",부가가치세,소계,소계,소계,인천청,인천,222763,-
"내국세","간접세",부가가치세,소계,소계,소계,인천청,경기,3471651,-
"내국세","간접세",부가가치세,소계,소계,소계,대전청,소계,1432417,-
"내국세","간접세",부가가치세,소계,소계,소계,대전청,대전,1714919,-
"내국세","간접세",부가가치세,소계,소계,소계,대전청,충북,639336,-
"내국세","간접세",부가가치세,소계,소계,소계,대전청,충남·세종,-921838,-
"내국세","간접세",부가가치세,소계,소계,소계,광주청,소계,884431,-
"내국세","간접세",부가가치세,소계,소계,소계,광주청,광주,533790,-
"내국세","간접세",부가가치세,소계,소계,소계,광주청,전북,728319,-
"내국세","간접세",부가가치세,소계,소계,소계,광주청,전남,-377678,-
"내국세","간접세",부가가치세,소계,소계,소계,대구청,소계,606380,-
"내국세","간접세",부가가치세,소계,소계,소계,대구청,대구,639160,-
"내국세","간접세",부가가치세,소계,소계,소계,대구청,경북,-32780,-
"내국세","간접세",부가가치세,소계,소계,소계,부산청,소계,2538048,-
"내국세","간접세",부가가치세,소계,소계,소계,부산청,부산,1733292,-
"내국세","간접세",부가가치세,소계,소계,소계,부산청,울산,-353715,-
"내국세","간접세",부가가치세,소계,소계,소계,부산청,경남,667202,-
"내국세","간접세",부가가치세,소계,소계,소계,부산청,제주,491269,-
"내국세","간접세",부가가치세,소계,소계,소계,수입분내국세,소계,61080164,-
"내국세","간접세",개별(특별)소비세,소계,소계,소계,합계,소계,9318244,2.4
"내국세","간접세",개별(특별)소비세,소계,소계,소계,서울청,소계,112179,-
"내국세","간접세",개별(특별)소비세,소계,소계,소계,중부청·인천청,소계,410699,-
"내국세","간접세",개별(특별)소비세,소계,소계,소계,중부청,소계,280007,-
"내국세","간접세",개별(특별)소비세,소계,소계,소계,중부청,인천,**,-
"내국세","간접세",개별(특별)소비세,소계,소계,소계,중부청,경기,229062,-
"내국세","간접세",개별(특별)소비세,소계,소계,소계,중부청,강원,50945,-
"내국세","간접세",개별(특별)소비세,소계,소계,소계,인천청,소계,130692,-
"내국세","간접세",개별(특별)소비세,소계,소계,소계,인천청,인천,85219,-
"내국세","간접세",개별(특별)소비세,소계,소계,소계,인천청,경기,45473,-
"내국세","간접세",개별(특별)소비세,소계,소계,소계,대전청,소계,969990,-
"내국세","간접세",개별(특별)소비세,소계,소계,소계,대전청,대전,798988,-
"내국세","간접세",개별(특별)소비세,소계,소계,소계,대전청,충북,7814,-
"내국세","간접세",개별(특별)소비세,소계,소계,소계,대전청,충남·세종,163188,-
"내국세","간접세",개별(특별)소비세,소계,소계,소계,광주청,소계,317349,-
"내국세","간접세",개별(특별)소비세,소계,소계,소계,광주청,광주,205037,-
"내국세","간접세",개별(특별)소비세,소계,소계,소계,광주청,전북,4590,-
"내국세","간접세",개별(특별)소비세,소계,소계,소계,광주청,전남,107722,-
"내국세","간접세",개별(특별)소비세,소계,소계,소계,대구청,소계,441171,-
"내국세","간접세",개별(특별)소비세,소계,소계,소계,대구청,대구,4612,-
"내국세","간접세",개별(특별)소비세,소계,소계,소계,대구청,경북,436559,-
"내국세","간접세",개별(특별)소비세,소계,소계,소계,부산청,소계,1285249,-
"내국세","간접세",개별(특별)소비세,소계,소계,소계,부산청,부산,58897,-
"내국세","간접세",개별(특별)소비세,소계,소계,소계,부산청,울산,554716,-
"내국세","간접세",개별(특별)소비세,소계,소계,소계,부산청,경남,663377,-
"내국세","간접세",개별(특별)소비세,소계,소계,소계,부산청,제주,8259,-
"내국세","간접세",개별(특별)소비세,소계,소계,소계,수입분내국세,소계,5781607,-
"내국세","간접세",주세,소계,소계,소계,합계,소계,3766531,1.0
"내국세","간접세",주세,소계,소계,소계,서울청,소계,5930,-
"내국세","간접세",주세,소계,소계,소계,중부청·인천청,소계,1328757,-
"내국세","간접세",주세,소계,소계,소계,중부청,소계,1322567,-
"내국세","간접세",주세,소계,소계,소계,중부청,인천,**,-
"내국세","간접세",주세,소계,소계,소계,중부청,경기,892242,-
"내국세","간접세",주세,소계,소계,소계,중부청,강원,430325,-
"내국세","간접세",주세,소계,소계,소계,인천청,소계,6190,-
"내국세","간접세",주세,소계,소계,소계,인천청,인천,816,-
"내국세","간접세",주세,소계,소계,소계,인천청,경기,5374,-
"내국세","간접세",주세,소계,소계,소계,대전청,소계,590049,-
"내국세","간접세",주세,소계,소계,소계,대전청,대전,36058,-
"내국세","간접세",주세,소계,소계,소계,대전청,충북,551567,-
"내국세","간접세",주세,소계,소계,소계,대전청,충남·세종,2424,-
"내국세","간접세",주세,소계,소계,소계,광주청,소계,569649,-
"내국세","간접세",주세,소계,소계,소계,광주청,광주,235584,-
"내국세","간접세",주세,소계,소계,소계,광주청,전북,332485,-
"내국세","간접세",주세,소계,소계,소계,광주청,전남,1580,-
"내국세","간접세",주세,소계,소계,소계,대구청,소계,59172,-
"내국세","간접세",주세,소계,소계,소계,대구청,대구,43897,-
"내국세","간접세",주세,소계,소계,소계,대구청,경북,15275,-
"내국세","간접세",주세,소계,소계,소계,부산청,소계,495820,-
"내국세","간접세",주세,소계,소계,소계,부산청,부산,47458,-
"내국세","간접세",주세,소계,소계,소계,부산청,울산,18367,-
"내국세","간접세",주세,소계,소계,소계,부산청,경남,399743,-
"내국세","간접세",주세,소계,소계,소계,부산청,제주,30252,-
"내국세","간접세",주세,소계,소계,소계,수입분내국세,소계,717154,-
"내국세","간접세",전화세,소계,소계,소계,합계,소계,-,0.0
"내국세","간접세",전화세,소계,소계,소계,서울청,소계,-,-
"내국세","간접세",전화세,소계,소계,소계,중부청·인천청,소계,-,-
"내국세","간접세",전화세,소계,소계,소계,중부청,소계,-,-
"내국세","간접세",전화세,소계,소계,소계,중부청,인천,**,-
"내국세","간접세",전화세,소계,소계,소계,중부청,경기,-,-
"내국세","간접세",전화세,소계,소계,소계,중부청,강원,-,-
"내국세","간접세",전화세,소계,소계,소계,인천청,소계,-,-
"내국세","간접세",전화세,소계,소계,소계,대전청,소계,-,-
"내국세","간접세",전화세,소계,소계,소계,대전청,대전,-,-
"내국세","간접세",전화세,소계,소계,소계,대전청,충북,-,-
"내국세","간접세",전화세,소계,소계,소계,대전청,충남·세종,-,-
"내국세","간접세",전화세,소계,소계,소계,광주청,소계,-,-
"내국세","간접세",전화세,소계,소계,소계,광주청,광주,-,-
"내국세","간접세",전화세,소계,소계,소계,광주청,전북,-,-
"내국세","간접세",전화세,소계,소계,소계,광주청,전남,-,-
"내국세","간접세",전화세,소계,소계,소계,대구청,소계,-,-
"내국세","간접세",전화세,소계,소계,소계,대구청,대구,-,-
"내국세","간접세",전화세,소계,소계,소계,대구청,경북,-,-
"내국세","간접세",전화세,소계,소계,소계,부산청,소계,-,-
"내국세","간접세",전화세,소계,소계,소계,부산청,부산,-,-
"내국세","간접세",전화세,소계,소계,소계,부산청,울산,-,-
"내국세","간접세",전화세,소계,소계,소계,부산청,경남,-,-
"내국세","간접세",전화세,소계,소계,소계,부산청,제주,-,-
"내국세","간접세",전화세,소계,소계,소계,수입분내국세,소계,-,-
"내국세","간접세",증권거래세,소계,소계,소계,합계,소계,6302867,1.6
"내국세","간접세",증권거래세,소계,소계,소계,서울청,소계,300849,-
"내국세","간접세",증권거래세,소계,소계,소계,중부청·인천청,소계,82492,-
"내국세","간접세",증권거래세,소계,소계,소계,중부청,소계,52528,-
"내국세","간접세",증권거래세,소계,소계,소계,중부청,인천,**,-
"내국세","간접세",증권거래세,소계,소계,소계,중부청,경기,45396,-
"내국세","간접세",증권거래세,소계,소계,소계,중부청,강원,7132,-
"내국세","간접세",증권거래세,소계,소계,소계,인천청,소계,29964,-
"내국세","간접세",증권거래세,소계,소계,소계,인천청,인천,22467,-
"내국세","간접세",증권거래세,소계,소계,소계,인천청,경기,7497,-
"내국세","간접세",증권거래세,소계,소계,소계,대전청,소계,10750,-
"내국세","간접세",증권거래세,소계,소계,소계,대전청,대전,2555,-
"내국세","간접세",증권거래세,소계,소계,소계,대전청,충북,2476,-
"내국세","간접세",증권거래세,소계,소계,소계,대전청,충남·세종,5719,-
"내국세","간접세",증권거래세,소계,소계,소계,광주청,소계,9276,-
"내국세","간접세",증권거래세,소계,소계,소계,광주청,광주,4759,-
"내국세","간접세",증권거래세,소계,소계,소계,광주청,전북,3047,-
"내국세","간접세",증권거래세,소계,소계,소계,광주청,전남,1470,-
"내국세","간접세",증권거래세,소계,소계,소계,대구청,소계,11620,-
"내국세","간접세",증권거래세,소계,소계,소계,대구청,대구,3394,-
"내국세","간접세",증권거래세,소계,소계,소계,대구청,경북,8226,-
"내국세","간접세",증권거래세,소계,소계,소계,부산청,소계,5887880,-
"내국세","간접세",증권거래세,소계,소계,소계,부산청,부산,5872562,-
"내국세","간접세",증권거래세,소계,소계,소계,부산청,울산,4709,-
"내국세","간접세",증권거래세,소계,소계,소계,부산청,경남,8968,-
"내국세","간접세",증권거래세,소계,소계,소계,부산청,제주,1641,-
"내국세","간접세",증권거래세,소계,소계,소계,수입분내국세,소계,-,-
"내국세","인지세",소계,소계,소계,소계,합계,소계,798775,0.2
"내국세","인지세",소계,소계,소계,소계,서울청,소계,257608,-
"내국세","인지세",소계,소계,소계,소계,중부청·인천청,소계,10278,-
"내국세","인지세",소계,소계,소계,소계,중부청,소계,10303,-
"내국세","인지세",소계,소계,소계,소계,중부청,인천,**,-
"내국세","인지세",소계,소계,소계,소계,중부청,경기,10354,-
"내국세","인지세",소계,소계,소계,소계,중부청,강원,-51,-
"내국세","인지세",소계,소계,소계,소계,인천청,소계,-25,-
"내국세","인지세",소계,소계,소계,소계,인천청,인천,-85,-
"내국세","인지세",소계,소계,소계,소계,인천청,경기,60,-
"내국세","인지세",소계,소계,소계,소계,대전청,소계,2562,-
"내국세","인지세",소계,소계,소계,소계,대전청,대전,2507,-
"내국세","인지세",소계,소계,소계,소계,대전청,충북,-44,-
"내국세","인지세",소계,소계,소계,소계,대전청,충남·세종,99,-
"내국세","인지세",소계,소계,소계,소계,광주청,소계,5807,-
"내국세","인지세",소계,소계,소계,소계,광주청,광주,3975,-
"내국세","인지세",소계,소계,소계,소계,광주청,전북,1809,-
"내국세","인지세",소계,소계,소계,소계,광주청,전남,23,-
"내국세","인지세",소계,소계,소계,소계,대구청,소계,4948,-
"내국세","인지세",소계,소계,소계,소계,대구청,대구,4975,-
"내국세","인지세",소계,소계,소계,소계,대구청,경북,-27,-
"내국세","인지세",소계,소계,소계,소계,부산청,소계,12355,-
"내국세","인지세",소계,소계,소계,소계,부산청,부산,7334,-
"내국세","인지세",소계,소계,소계,소계,부산청,울산,-1,-
"내국세","인지세",소계,소계,소계,소계,부산청,경남,4532,-
"내국세","인지세",소계,소계,소계,소계,부산청,제주,490,-
"내국세","인지세",소계,소계,소계,소계,수입분내국세,소계,0,-
"내국세","인지세",소계,소계,소계,소계,인지세,소계,505217,-
"내국세","과년도 수입",소계,소계,소계,소계,합계,소계,7315526,1.9
"내국세","과년도 수입",소계,소계,소계,소계,서울청,소계,724905,-
"내국세","과년도 수입",소계,소계,소계,소계,중부청·인천청,소계,1720702,-
"내국세","과년도 수입",소계,소계,소계,소계,중부청,소계,1174349,-
"내국세","과년도 수입",소계,소계,소계,소계,중부청,인천,**,-
"내국세","과년도 수입",소계,소계,소계,소계,중부청,경기,1074566,-
"내국세","과년도 수입",소계,소계,소계,소계,중부청,강원,99783,-
"내국세","과년도 수입",소계,소계,소계,소계,인천청,소계,546353,-
"내국세","과년도 수입",소계,소계,소계,소계,인천청,인천,190914,-
"내국세","과년도 수입",소계,소계,소계,소계,인천청,경기,355439,-
"내국세","과년도 수입",소계,소계,소계,소계,대전청,소계,395536,-
"내국세","과년도 수입",소계,소계,소계,소계,대전청,대전,102946,-
"내국세","과년도 수입",소계,소계,소계,소계,대전청,충북,103276,-
"내국세","과년도 수입",소계,소계,소계,소계,대전청,충남·세종,189314,-
"내국세","과년도 수입",소계,소계,소계,소계,광주청,소계,320154,-
"내국세","과년도 수입",소계,소계,소계,소계,광주청,광주,116612,-
"내국세","과년도 수입",소계,소계,소계,소계,광주청,전북,109031,-
"내국세","과년도 수입",소계,소계,소계,소계,광주청,전남,94511,-
"내국세","과년도 수입",소계,소계,소계,소계,대구청,소계,317035,-
"내국세","과년도 수입",소계,소계,소계,소계,대구청,대구,165842,-
"내국세","과년도 수입",소계,소계,소계,소계,대구청,경북,151193,-
"내국세","과년도 수입",소계,소계,소계,소계,부산청,소계,574329,-
"내국세","과년도 수입",소계,소계,소계,소계,부산청,부산,203778,-
"내국세","과년도 수입",소계,소계,소계,소계,부산청,울산,63236,-
"내국세","과년도 수입",소계,소계,소계,소계,부산청,경남,200666,-
"내국세","과년도 수입",소계,소계,소계,소계,부산청,제주,106649,-
"내국세","과년도 수입",소계,소계,소계,소계,수입분내국세,소계,3262865,-
"교통·에너지·환경세","소계",소계,소계,소계,소계,합계,소계,11116375,2.9
"교통·에너지·환경세","소계",소계,소계,소계,소계,서울청,소계,-53500,-
"교통·에너지·환경세","소계",소계,소계,소계,소계,중부청·인천청,소계,594081,-
"교통·에너지·환경세","소계",소계,소계,소계,소계,중부청,소계,-29758,-
"교통·에너지·환경세","소계",소계,소계,소계,소계,중부청,인천,**,-
"교통·에너지·환경세","소계",소계,소계,소계,소계,중부청,경기,-16517,-
"교통·에너지·환경세","소계",소계,소계,소계,소계,중부청,강원,-13241,-
"교통·에너지·환경세","소계",소계,소계,소계,소계,인천청,소계,623839,-
"교통·에너지·환경세","소계",소계,소계,소계,소계,인천청,인천,633647,-
"교통·에너지·환경세","소계",소계,소계,소계,소계,인천청,경기,-9808,-
"교통·에너지·환경세","소계",소계,소계,소계,소계,대전청,소계,2463104,-
"교통·에너지·환경세","소계",소계,소계,소계,소계,대전청,대전,-1723,-
"교통·에너지·환경세","소계",소계,소계,소계,소계,대전청,충북,-15635,-
"교통·에너지·환경세","소계",소계,소계,소계,소계,대전청,충남·세종,2480462,-
"교통·에너지·환경세","소계",소계,소계,소계,소계,광주청,소계,2643353,-
"교통·에너지·환경세","소계",소계,소계,소계,소계,광주청,광주,-9891,-
"교통·에너지·환경세","소계",소계,소계,소계,소계,광주청,전북,-32961,-
"교통·에너지·환경세","소계",소계,소계,소계,소계,광주청,전남,2686205,-
"교통·에너지·환경세","소계",소계,소계,소계,소계,대구청,소계,-47010,-
"교통·에너지·환경세","소계",소계,소계,소계,소계,대구청,대구,-2508,-
"교통·에너지·환경세","소계",소계,소계,소계,소계,대구청,경북,-44502,-
"교통·에너지·환경세","소계",소계,소계,소계,소계,부산청,소계,5513450,-
"교통·에너지·환경세","소계",소계,소계,소계,소계,부산청,부산,-784,-
"교통·에너지·환경세","소계",소계,소계,소계,소계,부산청,울산,5549676,-
"교통·에너지·환경세","소계",소계,소계,소계,소계,부산청,경남,-29401,-
"교통·에너지·환경세","소계",소계,소계,소계,소계,부산청,제주,-6041,-
"교통·에너지·환경세","소계",소계,소계,소계,소계,수입분내국세,소계,2897,-
"방위세","소계",소계,소계,소계,소계,합계,소계,886,0.0
"방위세","소계",소계,소계,소계,소계,서울청,소계,752,-
"방위세","소계",소계,소계,소계,소계,중부청·인천청,소계,42,-
"방위세","소계",소계,소계,소계,소계,중부청,소계,36,-
"방위세","소계",소계,소계,소계,소계,중부청,인천,**,-
"방위세","소계",소계,소계,소계,소계,중부청,경기,34,-
"방위세","소계",소계,소계,소계,소계,중부청,강원,2,-
"방위세","소계",소계,소계,소계,소계,인천청,소계,6,-
"방위세","소계",소계,소계,소계,소계,인천청,인천,6,-
"방위세","소계",소계,소계,소계,소계,인천청,경기,-,-
"방위세","소계",소계,소계,소계,소계,대전청,소계,2,-
"방위세","소계",소계,소계,소계,소계,대전청,대전,2,-
"방위세","소계",소계,소계,소계,소계,대전청,충북,-,-
"방위세","소계",소계,소계,소계,소계,대전청,충남·세종,-,-
"방위세","소계",소계,소계,소계,소계,광주청,소계,8,-
"방위세","소계",소계,소계,소계,소계,광주청,광주,7,-
"방위세","소계",소계,소계,소계,소계,광주청,전북,1,-
"방위세","소계",소계,소계,소계,소계,광주청,전남,-,-
"방위세","소계",소계,소계,소계,소계,대구청,소계,23,-
"방위세","소계",소계,소계,소계,소계,대구청,대구,20,-
"방위세","소계",소계,소계,소계,소계,대구청,경북,3,-
"방위세","소계",소계,소계,소계,소계,부산청,소계,59,-
"방위세","소계",소계,소계,소계,소계,부산청,부산,42,-
"방위세","소계",소계,소계,소계,소계,부산청,울산,-,-
"방위세","소계",소계,소계,소계,소계,부산청,경남,15,-
"방위세","소계",소계,소계,소계,소계,부산청,제주,2,-
"방위세","소계",소계,소계,소계,소계,수입분내국세,소계,-,-
"교육세","소계",소계,소계,소계,소계,합계,소계,4643472,1.2
"교육세","소계",소계,소계,소계,소계,서울청,소계,1203036,-
"교육세","소계",소계,소계,소계,소계,중부청·인천청,소계,612385,-
"교육세","소계",소계,소계,소계,소계,중부청,소계,490564,-
"교육세","소계",소계,소계,소계,소계,중부청,인천,**,-
"교육세","소계",소계,소계,소계,소계,중부청,경기,354599,-
"교육세","소계",소계,소계,소계,소계,중부청,강원,135965,-
"교육세","소계",소계,소계,소계,소계,인천청,소계,121821,-
"교육세","소계",소계,소계,소계,소계,인천청,인천,106607,-
"교육세","소계",소계,소계,소계,소계,인천청,경기,15214,-
"교육세","소계",소계,소계,소계,소계,대전청,소계,582177,-
"교육세","소계",소계,소계,소계,소계,대전청,대전,19698,-
"교육세","소계",소계,소계,소계,소계,대전청,충북,156182,-
"교육세","소계",소계,소계,소계,소계,대전청,충남·세종,406297,-
"교육세","소계",소계,소계,소계,소계,광주청,소계,602547,-
"교육세","소계",소계,소계,소계,소계,광주청,광주,93288,-
"교육세","소계",소계,소계,소계,소계,광주청,전북,89780,-
"교육세","소계",소계,소계,소계,소계,광주청,전남,419479,-
"교육세","소계",소계,소계,소계,소계,대구청,소계,26477,-
"교육세","소계",소계,소계,소계,소계,대구청,대구,23802,-
"교육세","소계",소계,소계,소계,소계,대구청,경북,2675,-
"교육세","소계",소계,소계,소계,소계,부산청,소계,1164573,-
"교육세","소계",소계,소계,소계,소계,부산청,부산,55742,-
"교육세","소계",소계,소계,소계,소계,부산청,울산,971217,-
"교육세","소계",소계,소계,소계,소계,부산청,경남,127284,-
"교육세","소계",소계,소계,소계,소계,부산청,제주,10330,-
"교육세","소계",소계,소계,소계,소계,수입분내국세,소계,452277,-
"농어촌특별세","소계",소계,소계,소계,소계,합계,소계,5648403,1.5
"농어촌특별세","소계",소계,소계,소계,소계,서울청,소계,948278,-
"농어촌특별세","소계",소계,소계,소계,소계,중부청·인천청,소계,936894,-
"농어촌특별세","소계",소계,소계,소계,소계,중부청,소계,717899,-
"농어촌특별세","소계",소계,소계,소계,소계,중부청,인천,**,-
"농어촌특별세","소계",소계,소계,소계,소계,중부청,경기,680838,-
"농어촌특별세","소계",소계,소계,소계,소계,중부청,강원,37061,-
"농어촌특별세","소계",소계,소계,소계,소계,인천청,소계,218995,-
"농어촌특별세","소계",소계,소계,소계,소계,인천청,인천,103630,-
"농어촌특별세","소계",소계,소계,소계,소계,인천청,경기,115365,-
"농어촌특별세","소계",소계,소계,소계,소계,대전청,소계,197559,-
"농어촌특별세","소계",소계,소계,소계,소계,대전청,대전,77657,-
"농어촌특별세","소계",소계,소계,소계,소계,대전청,충북,44587,-
"농어촌특별세","소계",소계,소계,소계,소계,대전청,충남·세종,75315,-
"농어촌특별세","소계",소계,소계,소계,소계,광주청,소계,114883,-
"농어촌특별세","소계",소계,소계,소계,소계,광주청,광주,42835,-
"농어촌특별세","소계",소계,소계,소계,소계,광주청,전북,36793,-
"농어촌특별세","소계",소계,소계,소계,소계,광주청,전남,35255,-
"농어촌특별세","소계",소계,소계,소계,소계,대구청,소계,132649,-
"농어촌특별세","소계",소계,소계,소계,소계,대구청,대구,66794,-
"농어촌특별세","소계",소계,소계,소계,소계,대구청,경북,65855,-
"농어촌특별세","소계",소계,소계,소계,소계,부산청,소계,3318140,-
"농어촌특별세","소계",소계,소계,소계,소계,부산청,부산,3184144,-
"농어촌특별세","소계",소계,소계,소계,소계,부산청,울산,29823,-
"농어촌특별세","소계",소계,소계,소계,소계,부산청,경남,77485,-
"농어촌특별세","소계",소계,소계,소계,소계,부산청,제주,26688,-
"농어촌특별세","소계",소계,소계,소계,소계,수입분내국세,소계,-,-
"종합부동산세","소계",소계,소계,소계,소계,합계,소계,6798810,1.8
"종합부동산세","소계",소계,소계,소계,소계,서울청,소계,3382293,-
"종합부동산세","소계",소계,소계,소계,소계,중부청·인천청,소계,1735301,-
"종합부동산세","소계",소계,소계,소계,소계,중부청,소계,1236370,-
"종합부동산세","소계",소계,소계,소계,소계,중부청,인천,**,-
"종합부동산세","소계",소계,소계,소계,소계,중부청,경기,1146533,-
"종합부동산세","소계",소계,소계,소계,소계,중부청,강원,89837,-
"종합부동산세","소계",소계,소계,소계,소계,인천청,소계,498931,-
"종합부동산세","소계",소계,소계,소계,소계,인천청,인천,213668,-
"종합부동산세","소계",소계,소계,소계,소계,인천청,경기,285263,-
"종합부동산세","소계",소계,소계,소계,소계,대전청,소계,470189,-
"종합부동산세","소계",소계,소계,소계,소계,대전청,대전,272577,-
"종합부동산세","소계",소계,소계,소계,소계,대전청,충북,62693,-
"종합부동산세","소계",소계,소계,소계,소계,대전청,충남·세종,134919,-
"종합부동산세","소계",소계,소계,소계,소계,광주청,소계,252748,-
"종합부동산세","소계",소계,소계,소계,소계,광주청,광주,92713,-
"종합부동산세","소계",소계,소계,소계,소계,광주청,전북,69251,-
"종합부동산세","소계",소계,소계,소계,소계,광주청,전남,90784,-
"종합부동산세","소계",소계,소계,소계,소계,대구청,소계,310329,-
"종합부동산세","소계",소계,소계,소계,소계,대구청,대구,155285,-
"종합부동산세","소계",소계,소계,소계,소계,대구청,경북,155044,-
"종합부동산세","소계",소계,소계,소계,소계,부산청,소계,647950,-
"종합부동산세","소계",소계,소계,소계,소계,부산청,부산,342068,-
"종합부동산세","소계",소계,소계,소계,소계,부산청,울산,56562,-
"종합부동산세","소계",소계,소계,소계,소계,부산청,경남,164157,-
"종합부동산세","소계",소계,소계,소계,소계,부산청,제주,85163,-
"종합부동산세","소계",소계,소계,소계,소계,수입분내국세,소계,-,-
